-- Global company for shared defaults
INSERT INTO companies (
  company_id,
  id,
  name,
  Gov_Registration_number,
  Address,
  Telephone,
  created_by
)
VALUES (0, 0, 'Global Defaults', '0', '', '', 'system')
ON DUPLICATE KEY UPDATE name = VALUES(name);

-- Shared code tables
INSERT INTO code_branches (company_id, branch_id, name, created_by) VALUES
  (0, 0, '0', 'system'),
  (0, 1, 'ТӨВ САЛБАР', 'system'),
  (0, 2, 'БАЯНХОШУУ', 'system'),
  (0, 3, 'ММ Үйлдвэр', 'system'),
  (0, 4, 'ММ ДЭЛГҮҮР', 'system'),
  (0, 5, 'ММ АГУУЛАХ', 'system'),
  (0, 6, 'Мод хатаах саравч', 'system'),
  (0, 7, 'ММ ТӨВ', 'system'),
  (0, 8, 'ӨЛЗИЙТ', 'system'),
  (0, 9, 'GW үйлдвэр', 'system'),
  (0, 10, 'Мөстийн гол трейд ХХК', 'system'),
  (0, 11, 'Төв агуулах', 'system'),
  (0, 30, 'HERMES', 'system');

INSERT INTO code_cashier (company_id, id, name, created_by) VALUES
  (0, 0, '0', 'system'),
  (0, 1, 'Z Касс-2 ', 'system'),
  (0, 2, 'N Касс-1', 'system'),
  (0, 3, 'Харилцах-Хаан банк /₮/', 'system'),
  (0, 4, 'Өглөг', 'system'),
  (0, 5, 'Харилцах-Голомт банк /₮/', 'system'),
  (0, 6, 'Харилцах-Хас банк /₮/', 'system'),
  (0, 7, 'Харилцах - Голомт банк USD', 'system'),
  (0, 8, 'Харилцах - Голомт банк JPY', 'system'),
  (0, 9, 'Бартер', 'system'),
  (0, 10, 'Өр төлбөр', 'system'),
  (0, 11, 'Касс-Bt', 'system'),
  (0, 12, 'Хяналтын касс', 'system'),
  (0, 13, 'ХХБпос ', 'system'),
  (0, 14, 'ХХБ-458105311/₮/', 'system'),
  (0, 15, 'Дэлгүүрийн касс', 'system'),
  (0, 16, 'ММҮйлдвэр касс', 'system');

INSERT INTO code_chiglel (company_id, id, name, created_by) VALUES
  (0, 0, '0', 'system'),
  (0, 1, 'Дэлгүүр', 'system'),
  (0, 2, 'ММ Үйлдвэр', 'system'),
  (0, 3, 'Агуулах', 'system'),
  (0, 4, 'Захиргаа', 'system'),
  (0, 5, 'Борлуулалтын алба', 'system'),
  (0, 6, 'Бусад', 'system'),
  (0, 7, 'Өлзийт', 'system'),
  (0, 8, 'Баянхошуу', 'system'),
  (0, 9, 'ММ Төв', 'system'),
  (0, 10, 'GW үйлдвэр', 'system'),
  (0, 11, 'Төв Агуулах', 'system'),
  (0, 12, 'Хатаалгын саравч', 'system'),
  (0, 13, '0', 'system'),
  (0, 14, '0', 'system'),
  (0, 15, '0', 'system'),
  (0, 16, '0', 'system'),
  (0, 17, '0', 'system'),
  (0, 18, '0', 'system'),
  (0, 19, '0', 'system'),
  (0, 20, '0', 'system'),
  (0, 21, '0', 'system'),
  (0, 22, '0', 'system'),
  (0, 23, '0', 'system'),
  (0, 24, '0', 'system'),
  (0, 26, '0', 'system'),
  (0, 27, '0', 'system'),
  (0, 30, 'Гермес салбар дэлгүүр', 'system'),
  (0, 31, '0', 'system');

INSERT INTO code_department (company_id, id, department_id, name, created_by) VALUES
  (0, 1, 1, 'Захиргаа', 'system'),
  (0, 2, 11, 'Санхүү, бүртгэлийн алба', 'system'),
  (0, 3, 104, 'Хүний нөөцийн алба', 'system'),
  (0, 4, 106, 'Маркетингийн алба', 'system'),
  (0, 5, 108, 'Бүтээгдэхүүн хөгжүүлэлтийн алба', 'system'),
  (0, 6, 110, 'Борлуулалтын алба', 'system'),
  (0, 7, 112, 'Аж ахуйн алба', 'system'),
  (0, 8, 114, 'Харуул, хамгаалалтын алба', 'system'),
  (0, 9, 116, 'Дотоод Хяналт шалгалтын алба', 'system'),
  (0, 10, 0, '0', 'system');

INSERT INTO code_position (company_id, id, position_id, position_name, position_amcode, created_by) VALUES
  (0, 1, 1, 'ТУЗ-н дарга', '1120-53', 'system'),
  (0, 2, 2, 'Захирал', '1120-37', 'system'),
  (0, 3, 3, 'Санхүүгийн зөвлөх', '1211-13', 'system'),
  (0, 4, 4, 'Менежер, хүний нөөц', '1212-13', 'system'),
  (0, 5, 5, 'Нарийн бичгийн дарга', '3313-14', 'system'),
  (0, 6, 6, 'Менежер', '1349-42', 'system'),
  (0, 7, 7, 'Хүний нөөцийн менежер', '1212-13', 'system'),
  (0, 8, 8, 'Ня-бо Нарийн бичиг', '1211-15', 'system'),
  (0, 9, 9, 'Нягтлан бодогч', '2411-12', 'system'),
  (0, 10, 10, 'Нярав, ахлах', '4321-11', 'system'),
  (0, 11, 11, 'Кассын нярав', '4311-18', 'system'),
  (0, 12, 12, 'Агуулахын нярав', '4321-12', 'system'),
  (0, 13, 13, 'Ахлах БайцаагчДотоод хяналт', '2432-13', 'system'),
  (0, 14, 14, 'Дотоод байцаагч ', '2432-15', 'system'),
  (0, 15, 15, 'Хаалганы байцаагч', '2432-15', 'system'),
  (0, 16, 16, 'Аж ахуйн менежер', '1219-14', 'system'),
  (0, 17, 17, 'Цахилгаанчин', '7411-11', 'system'),
  (0, 18, 18, 'Аж ахуйн ажилтан', NULL, 'system'),
  (0, 19, 19, 'БХ Харуул', '9629-18', 'system'),
  (0, 20, 20, 'Талбайн үйлчлэгч', '9112-14', 'system'),
  (0, 21, 21, 'Оффиссийн үйлчлэгч', '9112-11', 'system'),
  (0, 22, 22, 'Маркетингийн менежер', '1221-12', 'system'),
  (0, 23, 23, 'Борлуулалт, худалдааны менежер', '1439-14', 'system'),
  (0, 24, 24, 'Худалдааны төлөөлөгч', NULL, 'system'),
  (0, 25, 25, 'Эмч', NULL, 'system'),
  (0, 26, 26, 'Тээвэр зохицуулагч', NULL, 'system'),
  (0, 27, 27, 'Аж ахуйн дарга', NULL, 'system'),
  (0, 28, 28, 'Харуулын албаны дарга', NULL, 'system'),
  (0, 29, 29, 'Харуулын ээлжийн ахлах', '9629-18', 'system'),
  (0, 30, 30, 'Харуул', '9629-18', 'system'),
  (0, 31, 31, 'Ногоочин ', NULL, 'system'),
  (0, 32, 32, 'Сантехникч', NULL, 'system'),
  (0, 33, 33, 'Жолооч', '8322-11', 'system'),
  (0, 34, 34, 'Инженер', NULL, 'system'),
  (0, 35, 35, 'Хүний нөөц, аж ахуйн ажилтан', '1212-13', 'system'),
  (0, 36, 36, 'ДХШ-ын ажилтан', NULL, 'system'),
  (0, 37, 37, 'Барилгачин', NULL, 'system'),
  (0, 38, 38, 'Худалдагч', '5242-12', 'system'),
  (0, 39, 39, 'Үйлдвэрийн дарга', '1321-13', 'system'),
  (0, 40, 40, 'Үйлдвэрийн нярав', '4322-13', 'system'),
  (0, 41, 41, 'Мужаан', '7522-22', 'system'),
  (0, 42, 42, 'Үйлдвэрийн туслах ажилтан', '7317-13', 'system'),
  (0, 43, 43, 'Зүлгүүрчин', '7523-26', 'system'),
  (0, 44, 44, 'будагчин', '7131-17', 'system'),
  (0, 45, 45, 'CNC-ний оператор', NULL, 'system'),
  (0, 46, 46, 'Технологич', NULL, 'system'),
  (0, 47, 47, 'Зураг дизайнер', NULL, 'system'),
  (0, 48, 48, 'Түлшний машины оператор', NULL, 'system'),
  (0, 49, 49, NULL, NULL, 'system');

-- Default user levels
INSERT INTO user_levels (company_id, id, userlevel_id, name, Description, created_by) VALUES
  (0, 0, 0, '0', '0', 'system'),
  (0, 1, 1, 'Системийн Админ', 'Системийн суурилуулалт', 'system'),
  (0, 2, 2, 'Системийн оператор', 'Системийн нэвтрүлэлт, сайжруулалт, туршилт', 'system'),
  (0, 4, 3, 'Байгууллагын удирдлагын баг', 'Байгууллагын хэмжээний Тайлан, мэдээлэл, хяналт', 'system'),
  (0, 5, 4, 'Хэлтсийн менежмент', 'Хэлтсийн хэмжэээний тайлан, хяналт', 'system'),
  (0, 6, 5, 'Салбарын менежмент', 'Салбарын хэмжээний бүртгэл, тайлан, хяналт', 'system'),
  (0, 8, 6, 'Оператор', 'Анхан шатны бүртгэл, өөрийн тайлан, мэдээлэл', 'system'),
  (0, 9, 9, 'Байгууллага хариуцсан ажилтан', 'Мэргэжлийн хүрээнд, бүх салбар хариуцсан', 'system'),
  (0, 10, 10, 'Хэлтэс хариуцсан ажилтан', 'Мэргэжлийн хүрээнд, харьяалах хэлтсийн', 'system'),
  (0, 11, 11, 'Салбар хариуцсан ажилтан', 'Мэргэжлийн хүрээнд, харьяалах салбарт', 'system');

-- Application modules
INSERT INTO modules (module_key, label, parent_key, show_in_sidebar, show_in_header, created_by) VALUES
  ('action_permissions', 'Action Permissions', 'developer', 1, 0, 'system'),
  ('ai_inventory', 'AI Inventory Review', NULL, 1, 0, 'system'),
  ('ai-inventory', 'ai-inventory', NULL, 1, 0, 'system'),
  ('change_password', 'Нууц үг солих', 'settings', 1, 0, 'system'),
  ('edit_translations', 'Edit Translations', 'settings', 1, 0, 'system'),
  ('coding_tables', 'Кодын хүснэгтүүд', 'developer', 1, 0, 'system'),
  ('company_licenses', 'Лиценз', 'system_configurations', 1, 0, 'system'),
  ('dashboard', 'Самбар', NULL, 1, 0, 'system'),
  ('developer', 'Хөгжүүлэгч', NULL, 1, 0, 'system'),
  ('error_log', 'Алдааны түүх', 'developer', 1, 0, 'system'),
  ('finance_transactions', 'САНХҮҮ БҮРТГЭЛ', 'forms', 1, 0, 'system'),
  ('forms', 'Маягтууд', NULL, 1, 0, 'system'),
  ('forms_management', 'Маягтын удирдлага', 'system_configurations', 1, 0, 'system'),
  ('general_configuration', 'Ерөнхий тохиргоо', 'system_configurations', 1, 0, 'system'),
  ('gl', 'Ерөнхий журнал', NULL, 0, 1, 'system'),
  ('image_management', 'Image Management', 'system_configurations', 1, 0, 'system'),
  ('inventory_transaction', 'БАРАА МАТЕРИАЛ', 'forms', 1, 0, 'system'),
  ('manuals', 'Гарын авлага', NULL, 0, 1, 'system'),
  ('user_manual_export', 'User Manual Export', 'manuals', 1, 0, 'system'),
  ('modules', 'Модуль', 'developer', 1, 0, 'system'),
  ('planning_transactions', 'АЖЛЫН ТӨЛӨВЛӨЛӨЛТ', 'forms', 1, 0, 'system'),
  ('po', 'Худалдан авалтын захиалга', NULL, 0, 1, 'system'),
  ('pos_transaction_management', 'POS Transactions', 'system_configurations', 1, 0, 'system'),
  ('pos_transactions', 'POS POS', 'forms', 1, 0, 'system'),
  ('relations_config', 'Хүснэгтийн холболт', 'system_configurations', 1, 0, 'system'),
  ('report_builder', 'Тайлангийн бүтээгч', 'report_management', 1, 0, 'system'),
  ('report_access', 'Report Access', 'report_management', 1, 0, 'system'),
  ('report_management', 'Тайлангийн удирдлага', 'system_configurations', 1, 0, 'system'),
  ('reports', 'Тайлан', NULL, 1, 0, 'system'),
  ('requests', 'Хүсэлтүүд', NULL, 1, NULL, 'system'),
  ('role_permissions', 'Эрхийн тохиргоо', 'system_configurations', 1, 0, 'system'),
  ('sales', 'Борлуулалтын самбар', NULL, 0, 1, 'system'),
  ('settings', 'Тохиргоо', NULL, 1, 0, 'system'),
  ('system_configurations', 'Системийн тохиргоо', NULL, 1, 0, 'system'),
  ('tables_management', 'Хүснэгтийн удирдлага', 'developer', 1, 0, 'system'),
  ('transactions_contract', 'Гэрээ', 'forms', 1, 0, 'system'),
  ('user_level_actions', 'User Level Actions', 'developer', 1, 0, 'system'),
  ('user_settings', 'Хэрэглэгчийн удирдлага', 'system_configurations', 1, 0, 'system'),
  ('users', 'Хэрэглэгчид', 'system_configurations', 1, 0, 'system')
ON DUPLICATE KEY UPDATE
  label = VALUES(label),
  parent_key = VALUES(parent_key),
  show_in_sidebar = VALUES(show_in_sidebar),
  show_in_header = VALUES(show_in_header);

-- Tenant table metadata
INSERT INTO tenant_tables (table_name, is_shared, seed_on_create, created_by) VALUES
  ('code_position', 1, 0, 'system'),
  ('code_branches', 1, 0, 'system'),
  ('code_department', 1, 0, 'system')
ON DUPLICATE KEY UPDATE
  is_shared = VALUES(is_shared),
  seed_on_create = VALUES(seed_on_create);

-- Default role/module mappings
INSERT INTO role_default_modules (company_id, role_id, module_key, allowed, created_by) VALUES
  (0, 1, 'dashboard', 1, 'system'),
  (0, 1, 'forms', 1, 'system'),
  (0, 1, 'reports', 1, 'system'),
  (0, 1, 'settings', 1, 'system'),
  (0, 1, 'users', 1, 'system'),
  (0, 1, 'role_permissions', 1, 'system'),
  (0, 1, 'change_password', 1, 'system'),
  (0, 1, 'gl', 1, 'system'),
  (0, 1, 'po', 1, 'system'),
  (0, 1, 'sales', 1, 'system'),
  (0, 2, 'dashboard', 1, 'system'),
  (0, 2, 'forms', 1, 'system'),
  (0, 2, 'reports', 1, 'system'),
  (0, 2, 'settings', 0, 'system'),
  (0, 2, 'users', 0, 'system'),
  (0, 2, 'role_permissions', 0, 'system'),
  (0, 2, 'change_password', 1, 'system'),
  (0, 2, 'gl', 1, 'system'),
  (0, 2, 'po', 1, 'system'),
  (0, 2, 'sales', 1, 'system')
ON DUPLICATE KEY UPDATE allowed = VALUES(allowed);
