{
  "1": "1",
  "2": "2",
  "3": "3",
  "4": "4",
  "5": "5",
  "6": "6",
  "7": "7",
  "8": "8",
  "9": "9",
  "10": "10",
  "11": "11",
  "30": "30",
  "year": "он",
  "month": "сар",
  "name": "нэр",
  "id": "Нэгдсэн дугаар",
  "orUnique_id": "orunique дугаар",
  "or_sel": "or sel",
  "or_num": "Гүйлгээний код",
  "or_o_barimt": "БМЭХ баримтын дугаар",
  "or_h_id": "Хэрэглээний код",
  "or_g_id": "Гэрээний дугаар",
  "or_burtgel": "Ажлын хуваарийн дугаар",
  "or_unique_id": "or unique дугаар",
  "or_lname": "Овог",
  "or_fname": "Нэр",
  "or_chig": "Чиглэлийн код",
  "or_chig_name": "Чиглэл",
  "or_torol": "Төрлийн код",
  "or_torol_name": "Төрөл",
  "or_h_b": "Хариуцсан ажилтын код",
  "or_h_b_name": "Хариуцсан ажилтан",
  "or_av_baragduulsan": "Авлага барагдуусан эсэх",
  "or_type_id": "Орлогын төрлийн код",
  "or_type": "Орлогын төрөл",
  "or_av_now": "Авлага эсэх код",
  "or_av_name": "Авлага",
  "or_av_time": "Авлагын огноо",
  "or_quart": "Улирал",
  "or_month": "Сар",
  "or_day": "Өдөр",
  "or_date": "Огноо",
  "orcash_or_id": "Касс/Харилцах код",
  "orcash_or_ner": "Касс/Харилцах",
  "or_or": "Орлогын дүн",
  "or_vallut_id": "Валютын код",
  "or_valut_name": "Валют",
  "or_valut_choice": "Ханшийн сонголт",
  "or_valut_rate": "Ханш",
  "or_Valut_tugrug": "Төгрөгөөр",
  "or_bar_suu": "Барьцаа суутгасан эсэх",
  "or_bcode": "БМЭХ код",
  "or_orderid": "Захиалгын дугаар",
  "or_tailbar1": "Тайлбар1",
  "orBurtgel_rd": "Регистрийн дугаар",
  "or_eb": "НӨАТ-н төлөв код",
  "or_bank": "Банк",
  "or_Noatgui": "НӨАТ-гүй дүн",
  "Or_Noat": "НӨАТ-н дүн",
  "or_uglug_id": "Өглөгийн дугаар",
  "or_emp_receiver": "Тушаасан ажилтны код",
  "or_emp_ner": "Тушаасан ажилтан",
  "or_tur_receiver": "Тушаасан харилцагчийн код",
  "or_tur_receiver_name": "Тушаасан харилцагч",
  "or_other_receiver": "Тушаасан бусад",
  "or_org_id": "Тушаасан байгууллагын дугаар",
  "or_org": "Тушаасан байгууллага",
  "Column2": "column2",
  "Column3": "column3",
  "Column4": "column4",
  "Column5": "column5",
  "Column6": "column6",
  "Column7": "column7",
  "Column8": "column8",
  "Column9": "column9",
  "Column10": "column10",
  "Column11": "column11",
  "Column12": "column12",
  "Column13": "column13",
  "Column14": "column14",
  "Column15": "column15",
  "Column16": "column16",
  "Column17": "column17",
  "Column18": "column18",
  "Delivery": "Хүргэлт",
  "Assembly": "Угсралт",
  "Comments1": "comments1",
  "prodday": "Үйлдвэрлэх хоног",
  "width": "Өргөн",
  "thickness": "Зузаан",
  "Column1": "column1",
  "BARCODE2": "barcode2",
  "BARCODE3": "barcode3",
  "SIGNATURE1": "signature1",
  "SIGNATURE2": "signature2",
  "SIGNATURE3": "signature3",
  "IMAGE": "image",
  "IMAGE2": "image2",
  "IMAGE3": "image3",
  "IMAGE4": "image4",
  "IMAGE5": "image5",
  "TRTYPENAME": "Гүйлгээний тайлбар",
  "trtype": "Гүйлгээний үсгэн код",
  "UITransTypeName": "Гүйлгээний тоон код",
  "ORGANIZATION": "Байгууллага",
  "ROOMID": "Өрөөний дугаар",
  "USERID": "Эзэмшигчийн дугаар",
  "PRINT": "print",
  "LOCATION": "Байршил",
  "rawdata": "rawdata",
  "deviceid": "Төхөөрөмжийн код",
  "devicename": "Төхөөрөмжийн нэр",
  "actime": "Бүртгэсэн огноо",
  "rectime": "Илгээсэн огноо",
  "UUID": "uuid",
  "Column19": "column19",
  "ortr_state": "Гүйлгээний төлөв",
  "ortr_transbranch": "Гүйлгээ хийсэн салбар",
  "ortr_id": "Гүйлгээний нийлмэл код",
  "ortr_confirm": "Гүйлгээ байталгаажуулалт",
  "ortr_confirm_date": "Гүйлгээ баталгаажуулсан огноо",
  "ortr_confirm_emp": "Гүйлгээ баталгаажуулсан ажилтын код",
  "ortr_edit_date": "Гүйлгээ зассан огноо",
  "ortr_edit_emp": "Гүйлгээ зассан ажилтны код",
  "ortr_edit_cause": "Гүйлгээ зассан шалтгаан",
  "ortr_del_date": "Гүйлгээ устгасан огноо",
  "ortr_del_emp": "Гүйлгээ устгасан ажилтны код",
  "ortr_del_cause": "Гүйлгээ устгасан шалтгаан",
  "ortr_check_date": "Хянасан огноо",
  "ortr_checkyn": "Хянасан эсэх",
  "ortr_check_emp": "Хянасан ахлахын код",
  "ortr_check_cause": "Хянасан шалтгаан",
  "ortr_Transtype": "Гүйлгээний төрөл",
  "Column20": "column20",
  "orgz_sample": "orgz sample",
  "orgz_sample_name": "orgz sample нэр",
  "orgz_type_name": "orgz type нэр",
  "orgz_ta": "orgz ta",
  "orgz_branch": "orgz branch",
  "orgz_deposit_account": "orgz deposit account",
  "orgz_eb": "orgz eb",
  "orgz_prod": "orgz prod",
  "orgz_hariltsagch": "orgz hariltsagch",
  "orgz_valut": "orgz valut",
  "orgz_dt1": "orgz dt1",
  "orgz_kt1": "orgz kt1",
  "orgz_k1": "orgz k1",
  "orgz_dt2": "orgz dt2",
  "orgz_kt2": "orgz kt2",
  "orgz_k2": "orgz k2",
  "orgz_dt3": "orgz dt3",
  "orgz_kt3": "orgz kt3",
  "orgz_k3": "orgz k3",
  "orgz_dt4": "orgz dt4",
  "orgz_kt4": "orgz kt4",
  "orgz_k4": "orgz k4",
  "orgz_k5": "orgz k5",
  "orCustomerId": "orcustomerid",
  "orJournalDate": "orjournaldate",
  "orJournalDesc": "orjournaldesc",
  "orJournalNumber": "orjournalnumber",
  "orAmount": "oramount",
  "orJournalTemplateId": "orjournaltemplateid",
  "zUnique_id": "zunique дугаар",
  "z_num": "Гүйлгээний код",
  "z_barimt": "БМЭХ баримтын дугаар",
  "z_tosov_code": "Төсвийн дугаар",
  "z_tosov_zuil": "Төсвийн зүйл",
  "z_taibar": "Тайлбар",
  "z_angilal_b": "Салбарын код",
  "z_angilal_b_name": "Салбар",
  "z_angilal": "Зардлын ангиллын код",
  "z_angilal_name": "Зардлын ангилал",
  "z_torol": "Зардлын төрлийн код",
  "z_torol_name": "Зардлын төрөл",
  "z_utga": "Зардлын утгын код",
  "z_utga_name": "Зардлын утга",
  "z_from": "Касс/Харилцах-с код",
  "z_from_name": "Касс/Харилцах-с",
  "z_emp_receiver": "Хүлээн авсан ажилтны код",
  "zemp_ner": "Хүлээн авсан ажилтан",
  "z_tur_receiver": "Хүлээн авсан харилцагчийн код",
  "z_tur_receiver_name": "Хүлээн авсан харилцагч",
  "z_other_receiver": "Хүлээн авсан бусад",
  "z_org_id": "Хүлээн авсан байгууллагын код",
  "z_org": "Хүлээн авсан байгууллага",
  "z_date": "Огноо",
  "z_valut_id": "Валютын код",
  "z_valut_name": "Валют",
  "z_valut_choice": "Ханшийн сонголт",
  "z_curr_rate": "Ханш",
  "z_valut_tugrug": "Төгрөгөөр",
  "z_mat_code": "БМЭХ код",
  "z_tailbar1": "Тайлбар 1",
  "z_eb": "НӨАТ-н төлөв",
  "z_NOATgui": "НӨАТ-гүй дүн",
  "z_NOAT": "НӨАТ-ийн дүн",
  "z_ndts": "ндц",
  "z_ndguits": "ндгүйц",
  "Z_tailan_angilal": "Тайлангийн ангилал",
  "z_orderid": "Захиалгын дугаар",
  "z_month": "Сар",
  "z_noat_oor_month": "НӨАТ өөр сар",
  "z_noat_month": "НӨАТ сар",
  "zar_uglug_eseh_code": "Өглөг эсэх код",
  "zar_uglug_eseh": "Өглөг эсэх",
  "Z_urtug": "Тайлангийн ангилал 1",
  "zar_uglug_month": "Нэхэмжлэлийн сар",
  "Column21": "column21",
  "Column22": "column22",
  "Column23": "column23",
  "Column24": "column24",
  "ztr_state": "Гүйлгээний төлөв",
  "ztr_transbranch": "Гүйлгээ хийсэн салбар",
  "ztr_id": "Гүйлгээний нийлмэл код",
  "ztr_confirm": "Гүйлгээ баталгаажуулалт",
  "ztr_confirm_date": "Гүйлгээ баталгаажуулсан огноо",
  "ztr_confirm_emp": "ГҮйлгээ баталгаажуулсан ажилтны код",
  "ztr_edit_date": "Гүйлгээ зассан огноо",
  "ztr_edit_emp": "Гүйлгээ зассан ажилтны код",
  "ztr_edit_cause": "Гүйлгээ зассан шалтгаан",
  "ztr_del_date": "Гүйлгээ устгасан огноо",
  "ztr_del_emp": "ГҮйлгээ устгасан ажилтны код",
  "ztr_del_cause": "ГҮйлгээ устгасан шалтгаан",
  "ztr_check_date": "Хянасан огноо",
  "ztr_checkyn": "Хянасан эсэх",
  "ztr_check_emp": "Хянасан ахлахын код",
  "ztr_check_cause": "Хянасан шалтгаан",
  "ztr_Transtype": "Гүйлгээний төрөл",
  "Column25": "column25",
  "Column26": "column26",
  "zgz_sample": "zgz sample",
  "zgz_sample_name": "zgz sample нэр",
  "zgz_type_name": "zgz type нэр",
  "zgz_ta": "zgz ta",
  "zgz_branch": "zgz branch",
  "zgz_deposit_account": "zgz deposit account",
  "zgz_eb": "zgz eb",
  "zgz_prod": "zgz prod",
  "zgz_hariltsagch": "zgz hariltsagch",
  "zgz_valut": "zgz valut",
  "zgz_dt1": "zgz dt1",
  "zgz_kt1": "zgz kt1",
  "zgz_k1": "zgz k1",
  "zgz_dt2": "zgz dt2",
  "zgz_kt2": "zgz kt2",
  "zgz_k2": "zgz k2",
  "zgz_dt3": "zgz dt3",
  "zgz_kt3": "zgz kt3",
  "zgz_k3": "zgz k3",
  "zgz_dt4": "zgz dt4",
  "zgz_kt4": "zgz kt4",
  "zgz_k4": "zgz k4",
  "zgz_k5": "zgz k5",
  "zCustomerId": "zcustomerid",
  "zJournalDate": "zjournaldate",
  "zJournalDesc": "zjournaldesc",
  "zJournalNumber": "zjournalnumber",
  "zAmount": "zamount",
  "zJournalTemplateId": "zjournaltemplateid",
  "bmUnique_id": "bmunique дугаар",
  "bmtr_num": "Гүйлгээний код",
  "bmtr_pid": "Санхүүгийн баримтын дугаар",
  "bmtr_cid": "Төсвийн дугаар",
  "bmtr_tid": "Төсвийн зүйл",
  "bmtr_pmid": "БМЭХ код",
  "bmtr_idname": "БМЭХ нэр",
  "bmtr_mu": "нэгж",
  "bmtr_cc": "bmtr cc",
  "bmtr_left": "үлдэгдэл",
  "Plan_day": "Гүйцэтгэх хоног",
  "Source": "Эх үүсвэр",
  "req": "Шаардлагатай",
  "payment": "Төлбөр",
  "bmtr_acc": "тоо",
  "bmtr_sub": "хэмжээ",
  "bmtr_up": "Нэгжийн үнэ",
  "bmtr_ap": "Нийт үнэ",
  "bmtr_prod": "Үйлдвэрлэл",
  "bmtr_annot": "Тайлбар",
  "bmtr_date": "Огноо",
  "bmtr_sellerid": "Ажилтаас код",
  "bmtr_seller": "Ажилтнаас",
  "bmtr_empid": "Ажилтанд",
  "bmtr_empname": "Ажилтанд",
  "bmtr_orderedp": "БМЭХ нэр бичих",
  "bmtr_prodid": "bmtr prodid",
  "bmtr_prodname": "bmtr prodname",
  "bmtr_orderid": "Захиалгын дугаар",
  "bmtr_orderdid": "Захиалгын дэд дугаар",
  "bmtr_orderedprod": "Захиалгын бүтээгдэхүүн",
  "bmtr_customerid": "Харилцагч",
  "bmtr_customername": "Харилцагч",
  "bmtr_branchid": "Салбар руу",
  "bmtr_branchname": "Салбар руу",
  "bmtr_consumerid": "Үйлчлүүлэгч",
  "bmtr_consumername": "Үйлчлүүлэгч",
  "bmtr_repid": "Тайлангийн ангилал",
  "bmtr_repidname": "Тайлангийн ангилал",
  "bmtr_costid": "Өртгийн кодчлол",
  "bmtr_manuf": "Үйлдвэрлэгч",
  "bmtr_primcode": "Барааны код",
  "bmtr_coupcode": "Купон код",
  "bmtr_coup2": "bmtr coup2",
  "bmtr_coup3": "bmtr coup3",
  "bmtr_coup4": "bmtr coup4",
  "bmtr_coup5": "bmtr coup5",
  "bmtr_coup6": "bmtr coup6",
  "bmtr_coup7": "bmtr coup7",
  "bmtr_coup8": "bmtr coup8",
  "bmtr_return": "Буцаалт",
  "bmtr_frombranchid": "Салбараас",
  "bmtr_frombranch": "Салбараас",
  "bmtr_Type": "БМЭХ төрлийн код",
  "bmtr_tkkod": "Материалын анхдагч код /5/",
  "bmtr_eb": "Барааны өртгийн код",
  "bmtr_xmkod": "Материалын өртгийн код",
  "bmtr_AvUg": "1 - Авлага/1 -Өглөг/ -1 Хөрөнгө",
  "bmtr_MM_sale": "Мод маркетын хямдрал",
  "bmtr_BN_sale": "Бэлтгэн нийлүүлэгчийн хямдрал",
  "bmtr_Codecheck": "bmtr codecheck",
  "bmtr_tkkodup": "Өртгийн дүн",
  "bmtr_Saleap": "Нийт хямдрал",
  "bmtr_Dupercent": "Дуусаагүй үйлдвэрлэлийн хувь",
  "bmtr_Ibarcode_mat": "Баркод материалын",
  "bmtr_tkkod1": "Нэгдсэн код",
  "bmtr_Ibarcode_baraa": "Баркод барааны",
  "bmtr_frombranch_barimt": "Бусад салбарын гүйлгээний код",
  "bmtr_count": "bmtr count",
  "bmtr_state": "Гүйлгээний төлөв",
  "bmtr_transbranch": "Гүйлгээ хийсэн салбар",
  "bmtr_id": "Гүйлгээний нийлмэл код",
  "bmtr_confirm": "Гүйлгээний баталгаажуулалт",
  "bmtr_confirm_date": "Гүйлгээ баталгаажуулсан огнгоо",
  "bmtr_confirm_emp": "Гүйлгээ баталгаажуулсан ажилтны код",
  "bmtr_edit_date": "Гүйлгээ зассан огноо",
  "bmtr_edit_emp": "Гүйлгээ зассан ажилтан",
  "bmtr_edit_cause": "Гүйлгээ зассан шалтгаан",
  "bmtr_del_date": "Гүйлгээ устгасан огноо",
  "bmtr_del_emp": "Гүйлгээ устгасан ажилтан",
  "bmtr_del_cause": "Гүйлгээ устгасан шалтгаан",
  "bmtr_check_date": "Хянасан огноо",
  "bmtr_checkyn": "Хянасан эсэх",
  "bmtr_check_emp": "Хянасан ахлах",
  "bmtr_check_cause": "Хянасан шалтгаан",
  "bmtr_transtype": "гүйлгээний төрөл",
  "bmColumn18": "bmcolumn18",
  "bmColumn1810": "bmcolumn1810",
  "bmgz_sample": "bmgz sample",
  "bmgz_sample_name": "bmgz sample нэр",
  "bmgz_type_name": "bmgz type нэр",
  "bmgz_ta": "bmgz ta",
  "bm": "bm",
  "bm2": "bm2",
  "bm3": "bm3",
  "bm4": "bm4",
  "bm5": "bm5",
  "bm6": "bm6",
  "bm7": "bm7",
  "bm8": "bm8",
  "bmgz_branch": "bmgz branch",
  "bmgz_deposit_account": "bmgz deposit account",
  "bmgz_eb3": "bmgz eb3",
  "bmgz_prod4": "bmgz prod4",
  "bmgz_hariltsagch": "bmgz hariltsagch",
  "bmgz_valut": "bmgz valut",
  "bmgz_dt1": "bmgz dt1",
  "bmgz_kt1": "bmgz kt1",
  "bmgz_k1": "bmgz k1",
  "bmgz_dt2": "bmgz dt2",
  "bmgz_kt2": "bmgz kt2",
  "bmgz_k2": "bmgz k2",
  "bmgz_dt3": "bmgz dt3",
  "bmgz_kt3": "bmgz kt3",
  "bmgz_k3": "bmgz k3",
  "bmgz_dt4": "bmgz dt4",
  "bmgz_kt4": "bmgz kt4",
  "bmgz_k4": "bmgz k4",
  "bm9": "bm9",
  "bmCustomerId": "bmcustomerid",
  "bmJournalDate": "bmjournaldate",
  "bmJournalDesc": "bmjournaldesc",
  "bmJournalNumber": "bmjournalnumber",
  "bmAmount": "bmamount",
  "bmJournalTemplateId": "bmjournaltemplateid",
  "num": "num",
  "pid": "Ажлын дугаар",
  "cid": "Төсвийн дугаар",
  "tid": "Төсвийн зүйл",
  "pmid": "БМЭХ код",
  "idname": "БМЭХ нэр",
  "mu": "нэгж",
  "cc": "cc",
  "left": "үлдэгдэл",
  "acc": "тоо",
  "sub": "хэмжээ",
  "up": "Нэгжийн үнэ",
  "ap": "Нийт үнэ",
  "prod": "Үйлдвэрлэл",
  "annot": "Ажлын талаар дэлгэрэнгүй",
  "date": "Огноо",
  "sellerid": "Гүйцэтгэх ажилтны код",
  "seller": "Гүйцэтгэх ажилтан",
  "empid": "Туслах ажилтны код",
  "empname": "Туслах ажилтан",
  "orderedp": "БМЭХ бичих",
  "prodid": "prodid",
  "prodname": "prodname",
  "orderid": "Захиалгын дугаар",
  "orderdid": "Захиалгын дэд дугаар",
  "orderedprod": "orderedprod",
  "customerid": "Үйлчлүүлэгчийн код",
  "customername": "Үйлчлүүлэгчийн нэр",
  "branchid": "Гүйцэтгэх салбарын код",
  "branchname": "Гүйцэтгэх салбар",
  "consumerid": "Харилцагчийн код",
  "consumername": "Харилцагч",
  "repid": "repid",
  "repidname": "repidname",
  "costid": "costid",
  "manuf": "manuf",
  "primcode": "primcode",
  "coupcode": "coupcode",
  "coup2": "coup2",
  "coup3": "coup3",
  "coup4": "coup4",
  "coup5": "coup5",
  "coup6": "coup6",
  "coup7": "coup7",
  "coup8": "coup8",
  "return": "return",
  "frombranchid": "Ажлын салбарын код",
  "frombranch": "Ажлын салбар",
  "Type": "type",
  "tkkod": "tkkod",
  "eb": "eb",
  "xmkod": "xmkod",
  "AvUg": "1-Авлага/1-Өглөг/-1-Хөрөнгө",
  "MMsale": "Байгууллагын хямдрал",
  "BNsale": "Бэлтгэн нийлүүлэгчийн хямдрал",
  "Codecheck": "codecheck",
  "tkkodup": "tkkodup",
  "Saleap": "Нийт хямдрал",
  "Dupercent": "Дуусаагүй үйлдвэрлэлийн хувь",
  "Ibarcode_mat": "Материалын баркод",
  "tkkod1": "tkkod1",
  "Ibarcode_baraa": "Барааны баркод",
  "frombranch_barimt": "frombranch barimt",
  "zorchil_type": "Зөрчлийн код",
  "zorchil_type_name": "Зөрчил",
  "zorchilgargasan_id": "Зөрчил гаргасан этгээдийн код",
  "zorchilgargasan_name": "Зөрчил гаргасан",
  "freq_id": "Давтамжийн код",
  "freq_name": "Давтамж",
  "position_id": "Албан тушаалын код",
  "position_name": "Албан тушаал",
  "count": "count",
  "state": "state",
  "transbranch": "transbranch",
  "confirm": "Гүйлгээ баталгаажуулалт",
  "confirm_date": "Гүйлгээ баталгаажуулсан огноо",
  "confirm_emp": "Гүйлгээ баталгаажуулсан ажилтан",
  "edit_date": "Гүйлгээ зассан огноо",
  "edit_emp": "Гүйлгээ зассан ажилтан",
  "edit_cause": "Гүйлгээ зассан шалтгаан",
  "del_date": "Гүйлгээ устгасан огноо",
  "del_emp": "Гүйлгээ устгасан ажилтан",
  "del_cause": "Гүйлгээ устгасан шалтгаан",
  "check_date": "Хянасан огноо",
  "checkyn": "Хянасан эсэх",
  "check_emp": "Хянасан ахлах",
  "check_cause": "Хянасан шалтгаан",
  "transtype": "гүйлгээний төрөл",
  "Column1810": "column1810",
  "gz_sample": "gz sample",
  "gz_sample_name": "gz sample нэр",
  "gz_type_name": "gz type нэр",
  "gz_ta": "gz ta",
  "gz_branch": "gz branch",
  "gz_deposit_account": "gz deposit account",
  "gz_eb3": "gz eb3",
  "gz_prod4": "gz prod4",
  "gz_hariltsagch": "gz hariltsagch",
  "gz_valut": "gz valut",
  "gz_dt1": "gz dt1",
  "gz_kt1": "gz kt1",
  "gz_k1": "gz k1",
  "gz_dt2": "gz dt2",
  "gz_kt2": "gz kt2",
  "gz_k2": "gz k2",
  "gz_dt3": "gz dt3",
  "gz_kt3": "gz kt3",
  "gz_k3": "gz k3",
  "gz_dt4": "gz dt4",
  "gz_kt4": "gz kt4",
  "gz_k4": "gz k4",
  "CustomerId6": "customerid6",
  "JournalDate": "journaldate",
  "JournalDesc": "journaldesc",
  "JournalNumber": "journalnumber",
  "Amount": "дүн",
  "JournalTemplateId": "journaltemplateid",
  "ordrUnique_id": "ordrunique дугаар",
  "ordrnum": "Захиалгын",
  "ordrbranch": "Захиалсан салбар",
  "ordrid": "Захиалгын дугаар",
  "ordrdid": "Захиалгын дэд дугаар",
  "ordrcustomerid": "Захиалсан харилцагч",
  "ordrcustomername": "Захиалсан харилцагч",
  "ordrrd": "Харилцагчийн регистрийн дугаар",
  "ordradd": "Харилцагчийн хаяг",
  "ordrphone": "Харилцагчийн утас",
  "ordrdate": "Захиалсан огноо",
  "ordrsource": "Захиалсан газар",
  "ordrtooutdate": "Захиалга олгох огноо",
  "ordrpayment": "Төлбөрийн хэлбэр",
  "ordrprodid": "Үйлдвэрлэгчийн код",
  "ordrprodname": "Үйлдвэрлэгч",
  "ordrbname": "Захиалсан барааны нэр",
  "ordrsub": "тоо",
  "ordrbsize": "хэмжээ",
  "ordrmu": "нэгж",
  "ordrsize": "Газар дээрээс авсан хэмжээ",
  "ordrlen": "Урт",
  "ordrwidth": "Өргөн",
  "ordrthick": "Зузаан",
  "ordrmat": "Материал",
  "ordrpaint": "Будаг",
  "ordrcolor": "Өнгө",
  "ordrcarving": "Сийлбэр",
  "ordraccs": "Тоноглол",
  "ordrbkod": "Барааны код",
  "ordrbkodname": "ordrbkodname",
  "ordrbkodmu": "ordrbkodmu",
  "ordrbkodsub": "ordrbkodsub",
  "ordrbkodmat": "ordrbkodmat",
  "ordrbkodlen": "ordrbkodlen",
  "ordrbkodwidth": "ordrbkodwidth",
  "ordrbkodthick": "ordrbkodthick",
  "ordrColumn1": "ordrcolumn1",
  "ordrbkodspec": "ordrbkodspec",
  "ordrbkodcarv": "ordrbkodcarv",
  "ordrbkodcolor": "ordrbkodcolor",
  "ordrpriceoffer": "ordrpriceoffer",
  "ordrretailsel": "Жижиглэнгийн үнэ сонгох",
  "ordrretailup": "Жижиглэнгийн нэгжийн үнэ",
  "ordrretailap": "Жижиглэнгийн нийт үнэ",
  "ordrwholesalesel": "Бөөний үнэ сонгох",
  "ordrwholesaleup": "Бөөний нэгжийн үнэ",
  "ordrwholesaleap": "Бөөний нийт үнэ",
  "ordrprodsel": "Үйлдвэрийн үнэ сонгох",
  "ordrprodup": "Үйлдвэрийн нэгжийн үнэ",
  "ordrprodap": "Үйлдвэрийн нийт үнэ",
  "ordrunitprice": "Худалдах нэгжийн үнэ",
  "ordrsalepercent": "Хямдралын хувь",
  "ordrsaleap": "Захиалгын дүн",
  "ordraftersaleap": "Хямдралын дараах дүн",
  "ordrap": "Нийт дүн",
  "ordrnoatyn": "НӨАТ-ийн хувь",
  "ordrnoatgui": "НӨАТ-гүй дүн",
  "ordrpriceofferdate": "Үнийн саналын огноо",
  "ordrpriceaccdate": "Үнийн санал хүлээн зөвшөөрсөн огноо",
  "ordrordrconfirmed": "Захиалга баталгаажуулсан эсэх",
  "ordrconfirmdate": "Захиалга баталгаажуулсан огноо",
  "ordrproddays": "Үйлдвэрлэх хоног",
  "ordrreceivedid": "Захиалга хүлээн авсан ажилтны код",
  "ordrreiceivedname": "Захиалга хүлээн авсан ажилтан",
  "ordrtoproddate": "Үйлдвэрлэж дууссан огноо",
  "ordrout": "Захиалга хүлээлгэн өгсөн эсэх",
  "ordroutdate": "Захиалга хүлээлгэн өгсөн огноо",
  "ordrtransportprice": "Тээврийн үнэ",
  "ordrassemblyprice": "Угсралтын үнэ",
  "ordrcomments": "Тайлбар",
  "ordrproddate": "Үйлдвэрлэсэн огноо",
  "ordrtr_state": "Гүйлгээний төлөв",
  "ordrtr_transbranch": "Гүйлгээ хийсэн салбар",
  "ordrtr_id": "Гүйлгээний нийлмэл код",
  "ordrtr_confirm": "Гүйлгээ баталгаажуулалт",
  "ordrtr_confirm_date": "Гүйлгээ баталгаажуулсан огноо",
  "ordrtr_confirm_emp": "Гүйлгээ баталгаажуулсан ажилтан",
  "ordrtr_edit_date": "Гүйлгээ зассан огноо",
  "ordrtr_edit_emp": "Гүйлгээ зассан ажилтан",
  "ordrtr_edit_cause": "Гүйлгээ зассан шалтгаан",
  "ordrtr_del_date": "Гүйлгээ устгасан огноо",
  "ordrtr_del_emp": "Гүйлгээ устгасан ажилтан",
  "ordrtr_del_cause": "Гүйлгээ устгасан шалтгаан",
  "ordrtr_check_date": "Хянасан огноо",
  "ordrtr_checkyn": "Хянасан эсэх",
  "ordrtr_check_emp": "Хянасан ахлах",
  "ordrtr_check_cause": "Хянасан шалтгаан",
  "ordrtr_transtype": "гүйлгээний төрөл",
  "ordrColumn18": "ordrcolumn18",
  "ordrColumn1810": "ordrcolumn1810",
  "ordrgz_sample": "ordrgz sample",
  "ordrgz_sample_name": "ordrgz sample нэр",
  "ordrgz_type_name": "ordrgz type нэр",
  "ordrgz_ta": "ordrgz ta",
  "ordrColumn183": "ordrcolumn183",
  "ordrColumn19": "ordrcolumn19",
  "ordrColumn20": "ordrcolumn20",
  "ordrColumn21": "ordrcolumn21",
  "ordrColumn22": "ordrcolumn22",
  "ordrColumn23": "ordrcolumn23",
  "ordrColumn24": "ordrcolumn24",
  "ordrColumn25": "ordrcolumn25",
  "ordrgz_branch": "ordrgz branch",
  "ordrgz_deposit_account": "ordrgz deposit account",
  "ordrgz_eb3": "ordrgz eb3",
  "ordrgz_prod4": "ordrgz prod4",
  "ordrgz_hariltsagch": "ordrgz hariltsagch",
  "ordrgz_valut": "ordrgz valut",
  "ordrgz_dt1": "ordrgz dt1",
  "ordrgz_kt1": "ordrgz kt1",
  "ordrgz_k1": "ordrgz k1",
  "ordrgz_dt2": "ordrgz dt2",
  "ordrgz_kt2": "ordrgz kt2",
  "ordrgz_k2": "ordrgz k2",
  "ordrgz_dt3": "ordrgz dt3",
  "ordrgz_kt3": "ordrgz kt3",
  "ordrgz_k3": "ordrgz k3",
  "ordrgz_dt4": "ordrgz dt4",
  "ordrgz_kt4": "ordrgz kt4",
  "ordrgz_k4": "ordrgz k4",
  "ordrgz_k5": "ordrgz k5",
  "ordrCustomerId4": "ordrcustomerid4",
  "ordrJournalDate": "ordrjournaldate",
  "ordrJournalDesc": "ordrjournaldesc",
  "ordrJournalNumber": "ordrjournalnumber",
  "ordrAmount": "ordramount",
  "ordrJournalTemplateId": "ordrjournaltemplateid",
  "gUnique_id": "gunique дугаар",
  "g_num": "Гүйлгээний код",
  "g_id": "Гэрээний дугаар",
  "g_burtgel_id": "Бүртгэлийн дугаар",
  "g_lname": "Овог",
  "g_fname": "Нэр",
  "g_chig": "Чиглэл",
  "g_torol": "Төрөл",
  "g_daatgah": "Даатгах дүн",
  "g_baritsaa_must": "Барьцаалах дүн",
  "g_ab_tur": "Байгууллагын ажлын байр",
  "g_ab_huviin": "Хувийн ажлын байр",
  "g_sq": "Талбайн хэмжээ",
  "g_first_date": "Гэрээ анх байгуулсан огноо",
  "g_start": "Гэрээ эхлэх огноо",
  "g_end": "Гэрээ дуусах огноо",
  "g_cancel": "Гэрээ цуцалсан огноо",
  "g_desc": "Тайлбар",
  "baitsaagch_id": "Хариуцсан ажилтан",
  "MM_sale": "mm sale",
  "BN_sale": "bn sale",
  "gendugaar": "gendugaar",
  "Col99": "col99",
  "rownum": "rownum",
  "Column172": "column172",
  "Column173": "column173",
  "Column174": "column174",
  "Column175": "column175",
  "Column176": "column176",
  "Column177": "column177",
  "Column178": "column178",
  "Column179": "column179",
  "Column180": "column180",
  "Column181": "column181",
  "Column182": "column182",
  "Column183": "column183",
  "Column184": "column184",
  "Column185": "column185",
  "Column186": "column186",
  "Column187": "column187",
  "Column188": "column188",
  "Column189": "column189",
  "Column190": "column190",
  "company_id": "Байгууллага",
  "branch_id": "Салбар",
  "z": "Зардлын дүн",
  "hkod": "Барааны код",
  "hname": "Барааны нэр",
  "hprodup": "Нийлүүлсэн үнэ",
  "hsalep": "Худалдах үнэ",
  "hmu": "Нэгж",
  "hstartmmdate": "ММ Хямдралын эхлэх огноо",
  "hendmmdate": "ММ Хямдралын дуусах огноо",
  "hsalemmp": "ММ Хямдралын дүн",
  "hsaleperap": "ММ Хямдралын хувийн дүн",
  "hsalepermm": "ММ Хямдралын хувь",
  "hstartbndate": "Бэлтгэн нийлүүлэгчийн хямдралын эхлэх огноо",
  "hendbndate": "Бэлтгэн нийлүүлэгчийн хямдралын дуусах огноо",
  "hsalepbn": "Бэлтгэн нийлүүлэгчийн хямдралын дүн",
  "hsaleperbn": "Бэлтгэн нийлүүлэгчийн хямдралын хувь",
  "hprodid": "Үйлдвэрлэгчийн код",
  "hproname": "Үйлдвэрлэгчийн нэр",
  "hseller": "Нийлүүлэгчтэй зөвшилцсөн ажилтны код",
  "hreason": "Хямдруулах шалтгаан, Хямдралын төлөвлөгөөний нэр",
  "hannot": "Тайлбар",
  "hcoupon": "Купон код",
  "SWPUIOUB": "swpuioub",
  "department_id": "Хэлтэс",
  "inventory_code": "Барааны код",
  "inventory_name": "Барааны нэр",
  "inventory_cost": "Нийлүүлсэн үнэ",
  "inventory_saleprice": "Худалдах үнэ",
  "inventory_mu": "Нэгж",
  "start_date": "Хямдралын эхлэх огноо",
  "end_date": "Хямдралын дуусах огноо",
  "discount_amount": "Хямдралын дүн",
  "discount_percent_amount": "Хямдралын хувийн дүн",
  "discount_percent": "Хямдралын хувь",
  "manufacturer_id": "Үйлдвэрлэгчийн код",
  "manufacturer_name": "Үйлдвэрлэгчийн нэр",
  "agreed_empid": "Нийлүүлэгчтэй зөвшилцсөн ажилтны код",
  "discount_campain": "Хямдралын аян",
  "description": "Тайлбар",
  "coupon_code": "Купон код",
  "start_date1": "Хямдралын эхлэх огноо",
  "end_date1": "Хямдралын дуусах огноо",
  "discount_amount1": "Хямдралын дүн",
  "discount_percent1": "Хямдралын хувь",
  "discount_reason": "Хямдруулах шалтгаан",
  "bmtr_actid": "bmtr_actid",
  "TransType": "TransType",
  "pos_session_id": "pos_session_id",
  "sp_primary_code": "Нэгдсэн код",
  "sp_selling_code": "Худалдах код",
  "sp_pm_name": "БМЭХ нэр",
  "sp_pm_unit_id": "Нэгжийн код",
  "sp_categories": "Категори",
  "sp_manufacturer_id": "Үйлдвэрлэгчийн код",
  "sp_cost": "Өртөг",
  "sp_cost_date": "Өртгийн огноо",
  "sp_source_table": "sp_source_table",
  "sp_current_stock": "Үлдэгдэл",
  "sp_total_cost": "Нийт өртөг",
  "sp_selling_price": "Худалдан үнэ",
  "sp_company_discount": "ММ хямдрал",
  "sp_supplier_discount": "БН хямдрал",
  "sp_coupon_discount": "Купон хямдрал",
  "sp_total_discount": "Нийт хямдрал",
  "sp_current_company_stock": "Байгууллагын үлдэгдэл",
  "sp_current_branch_stock": "Салбарын үлдэгдэл",
  "transaction_datetime": "transaction_datetime",
  "fest_year": "Жил",
  "fest_month": "Сар",
  "fest_day": "Амралтын хоног"
}